rosa@gmail.com,Rosa812
hilma@gmail.com,Hilma621
brisa@gmail.com,Brisa491
bridgette@gmail.com,Bridgette95
ryann@gmail.com,Ryann224
rashad@gmail.com,Rashad534
karianne@gmail.com,Karianne608
cassie@gmail.com,Cassie44
garnett@gmail.com,Garnett515
greg@gmail.com,Greg557
christine@gmail.com,Christine311
kaylie@gmail.com,Kaylie477
winston@gmail.com,Winston735
marisol@gmail.com,Marisol807
brittany@gmail.com,Brittany843
saul@gmail.com,Saul509
aaron@gmail.com,Aaron510
loyal@gmail.com,Loyal464
vern@gmail.com,Vern724
misty@gmail.com,Misty784
antone@gmail.com,Antone963
karl@gmail.com,Karl84
betsy@gmail.com,Betsy955
iva@gmail.com,Iva103
elsa@gmail.com,Elsa538
jimmy@gmail.com,Jimmy160
guido@gmail.com,Guido49
alessandro@gmail.com,Alessandro457
neva@gmail.com,Neva255
anahi@gmail.com,Anahi191
deontae@gmail.com,Deontae836
fernando@gmail.com,Fernando501
maximillia@gmail.com,Maximillia166
lonzo@gmail.com,Lonzo400
eleanore@gmail.com,Eleanore900
