angus@gmail.com,Angus405
skylar@gmail.com,Skylar24
riley@gmail.com,Riley595
shea@gmail.com,Shea834
jewel@gmail.com,Jewel580
lea@gmail.com,Lea103
leila@gmail.com,Leila45
philip@gmail.com,Philip486
randi@gmail.com,Randi526
ewell@gmail.com,Ewell189
eliezer@gmail.com,Eliezer747
kamren@gmail.com,Kamren983
nick@gmail.com,Nick912
mario@gmail.com,Mario832
finn@gmail.com,Finn942
